Auckland,Artisan Wines Ltd,-36.904966,174.62219
Auckland,Ascension Wine Estate,-36.37286,174.680507
Auckland,Babich Wines,-36.87886,174.603307
Auckland,Batch Winery,-36.8146204,175.08318
Auckland,Brick Bay Wines,-36.407752,174.720821
Auckland,Cable Bay Vineyards,-36.787698,175.00038
Auckland,Contour Estate Vineyards Limited,-36.3528187,174.738298
Auckland,Coopers Creek Vineyard,-36.768652,174.524043
Auckland,Destiny Bay,-36.830285,175.078339
Auckland,Fino Valley Wines,-36.8985405,174.6068732
Auckland,Frenchmans Hill Estate,-36.808719,175.055533
Auckland,Gillman Vineyard,-36.3857,174.708
Auckland,Goldie Estate,-36.799776,175.032752
Auckland,Heron's Flight,-36.376632,174.706829
Auckland,Hyperion Wines,-36.360075,174.736089
Auckland,Kennedy Point,-36.80615,175.025592
Auckland,Kerr Farm Wine,-36.793192,174.543247
Auckland,Kumeu River,-36.77795,174.564143
Auckland,Mahurangi River Winery & Restaurant,-36.41611,174.702778
Auckland,Man O' War Vineyards,-36.786431,175.154306
Auckland,Matakana Estate,-36.3224811,174.6987256
Auckland,Matavino,-36.400745,174.695387
Auckland,Mazuran's Wines,-36.855824,174.631012
Auckland,Messenger,-36.6258257,174.7075229
Auckland,Miro Vineyard,-36.789138,175.0670036
Auckland,Mudbrick Vineyard and Restaurant,-36.792455,175.000116
Auckland,Obsidian Vineyard,-36.789562,175.064738
Auckland,Organic Wine - Turanga Creek,-36.958383,174.971075
Auckland,Passage Rock Wines,-36.823071,175.132389
Auckland,Peacock Sky Vineyard,-36.806362,175.087194
Auckland,Puriri Hills,-36.957059,175.054358
Auckland,Ransom Wines,-36.421735,174.642687
Auckland,Runner Duck Estate Ltd,-36.376234,174.704173
Auckland,Sam Harrop Wine - Cedalion,-36.7866137,175.0138423
Auckland,SOHO WINES,-36.840958,174.7435552
Auckland,Soljans Estate Winery,-36.78841,174.578613
Auckland,Stonyridge Vineyard,-36.7977805,175.0660326
Auckland,Takatu Vineyard,-36.3630999,174.7445075
Auckland,Tantalus Estate,-36.799644,175.068354
Auckland,Te Motu,-36.795389,175.069361
Auckland,Te Whau Vineyard,-36.817746,175.036064
Auckland,The Hay Paddock,-36.809316,175.061784
Auckland,Thornbury,-36.978139,174.774983
Auckland,View east Vineyard,-36.82879,175.146977
Auckland,Villa Maria,-36.979485,174.767151
Auckland,Waimarie Wines,-36.8229294,174.4734733
Auckland,West Brook Winery,-36.725622,174.545074
Gisborne,Ashwood Estate,-38.667348,177.994837
Gisborne,Bushmere Estate,-38.655885,177.953989
Gisborne,Coopers Creek Vineyard,-36.768652,174.524043
Gisborne,Gisborne Garagiste Wine Company,-38.6615598,178.0313221
Gisborne,Glazebrook,-39.631215,176.743907
Gisborne,Groco Ltd,-38.663581,177.997847
Gisborne,Huntaway Reserve,-36.96342,174.89564
Gisborne,Kirkpatrick Estate Winery,-38.633267,177.869497
Gisborne,Lake Road Wines,-38.6610349,177.9856459
Gisborne,Lindauer,-36.96342,174.89564
Gisborne,Longbush Wines,-38.6675376,177.999559
Gisborne,Matawhero Wines,-38.661905,177.934326
Gisborne,Millton Vineyards & Winery,-38.676276,177.897049
Gisborne,Mister Right,-38.6554604,177.9325562
Gisborne,Natural Wine Co,-38.5503061,177.9471038
Gisborne,Te Hana,-36.96342,174.89564
Gisborne,Tohu Wines,-41.57269,173.4216613
Gisborne,Toi Toi,-41.5731237,173.8087705
Gisborne,Vinoptima Estate,-38.5318572,177.9255473
Gisborne,Wrights Vineyard & Winery,-38.706586,177.914716
Hawke's Bay,Abbey Cellars,-39.642584,176.746859
Hawke's Bay,Akarangi,-39.665883,176.925848
Hawke's Bay,ALLUVIALE,-39.6838728,176.8867276
Hawke's Bay,Alpha Domus,-39.647662,176.741246
Hawke's Bay,Aorangi Road,-39.6148621,176.5696925
Hawke's Bay,Ash Ridge Wines,-39.627149,176.727029
Hawke's Bay,Askerne Winery,-39.644514,176.90951
Auckland,Babich Wines,-36.87886,174.603307
Hawke's Bay,Beach House Wines,-39.617517,176.958325
Hawke's Bay,Bilancia,-39.6479454,176.6693873
Hawke's Bay,Black Barn Vineyards,-39.673289,176.909824
Hawke's Bay,Brookfields Vineyards,-39.557668,176.886659
Hawke's Bay,Cairnbrae,-39.6064546,176.779169
Hawke's Bay,Clearview Estate Winery,-39.628842,176.971071
Marlborough,Constellation Brands,-41.484583,173.908047
Marlborough,Coopers Creek Vineyard,-36.768652,174.524043
Hawke's Bay,Crab Farm Winery,-39.431494,176.871351
Wairarapa,Craggy Range,-39.69286,176.923052
Hawke's Bay,Crossroads Wines,-39.57753,176.77403
Hawke's Bay,de la terre winery,-39.5223647,176.6368827
Wairarapa,Decibel Wines,-39.638646,176.69665
Hawke's Bay,Diamond Ridge,-39.6872685,176.8740922
Hawke's Bay,Elephant Hill,-39.621294,176.961572
Marlborough,Esk Valley Estate,-39.410955,176.870693
Hawke's Bay,Frizzell Wines Ltd,-39.6684492,176.878433
Marlborough,Glazebrook,-39.631215,176.743907
Marlborough,Haha Wine,-39.6679567,176.8789217
Hawke's Bay,Hawkes Ridge Wine Estate,-39.625027,176.569985
Hawke's Bay,Hopes Grove,-39.6998449,176.7579497
Gisborne,Huntaway Reserve,-36.96342,174.89564
Hawke's Bay,Ka Tahi,-39.4922597,176.8785976
Marlborough,Kim Crawford,-41.51629,173.983898
Hawke's Bay,Lime Rock Wines,-39.916882,176.536906
Gisborne,Lindauer,-36.96342,174.89564
Hawke's Bay,LINDEN ESTATE WINERY,-39.395892,176.841769
Canterbury,Lismore Wines NZ Ltd,-44.7039374,169.1188698
Hawke's Bay,Maimai,-39.628767,176.741349
Hawke's Bay,Maison Noire,-39.7478273,176.9777912
Wairarapa,Matahiwi Estate,-40.948949,175.660764
Auckland,Matakana Estate,-36.3224811,174.6987256
Hawke's Bay,Matariki Wines,-39.6685657,176.8770143
Hawke's Bay,Mills Reef Winery,-37.702058,176.112191
Hawke's Bay,Mission Estate Winery,-39.518437,176.844841
Marlborough,Moana Park Estate Winery,-39.518089,176.802971
Marlborough,Monkey Bay,-41.3942551,174.0458047
Hawke's Bay,Monowai Estate Limited,-39.571043,176.528014
Marlborough,Morton Estate,-36.96342,174.89564
Hawke's Bay,Mountain Breeze,-39.6872685,176.8740922
Hawke's Bay,Ngatarawa Wines,-39.630993,176.743493
Marlborough,Nobilo,-41.484583,173.908047
Hawke's Bay,Osawa Wines,-39.6328579,176.5899047
Hawke's Bay,Paritua,-39.6483336,176.7087873
Hawke's Bay,Pask Winery,-39.616512,176.810053
Hawke's Bay,Petane Station,-39.389464,176.827331
Hawke's Bay,Pukeora Estate,-39.984538,176.502975
Hawke's Bay,RED BARREL VINEYARD,-39.669938,176.90594
Hawke's Bay,Redmetal Vineyards,-39.6475989,176.7204914
Hawke's Bay,Riverside Wines,-39.4997172,176.7484434
Marlborough,Sacred Hill,-39.4814793,176.6954389
Hawke's Bay,Salvare Estate,-39.6244924,176.7363993
Marlborough,Selaks,-39.6479882,176.6783064
Marlborough,Sileni Estates,-39.647656,176.716612
Hawke's Bay,Squawking Magpie Wines,-39.6486129,176.8507957
Hawke's Bay,Stonecroft,-39.595821,176.746276
Hawke's Bay,Supernatural Wine Co.,-39.6435561,176.9459876
Hawke's Bay,Te Awa Winery,-39.614415,176.736372
Hawke's Bay,Te Awanga Estate,-39.6368461,176.9632475
Hawke's Bay,Te Mata Estate,-39.670848,176.916055
Wairarapa,The Tablelands Wine Company,-39.641548,176.8448366
Hawke's Bay,The Wine Portfolio,-37.6080926,175.9413315
Hawke's Bay,Tironui Estate,-39.5217489,176.8408261
Hawke's Bay,Tony Bish,-39.525651,176.761146
Hawke's Bay,Trinity Hill,-39.615871,176.733848
Hawke's Bay,Tuki Vineyard,-39.6728426,176.9220935
Hawke's Bay,Unison Vineyard,-39.60225,176.752594
Hawke's Bay,Vidal Estate,-39.648503,176.855298
Auckland,Villa Maria,-36.979485,174.767151
Hawke's Bay,VINDICO NÉGOCIANTS LIMITED,-39.6872685,176.8740922
Hawke's Bay,White Cliff,-39.6064546,176.779169
Hawke's Bay,Wild South,-39.6064546,176.779169
Hawke's Bay,William Murdoch,-39.612008,176.761074
Wairarapa,Archer McRae,-41.21154,175.46108
Wairarapa,Ashwell Vineyards,-41.214935,175.450341
Wairarapa,Ata Rangi,-41.215478,175.46826
Wairarapa,Big Sky Wines,-41.26727,175.47887
Wairarapa,Brodie Estate,-41.230678,175.458855
Wairarapa,Cobblestone Vineyards,-41.248236,175.487955
Wairarapa,Colombo Martinborough,-41.2232925,175.4739429
Wairarapa,Coney Wines,-41.260083,175.406839
Wairarapa,Craggy Range,-39.69286,176.923052
Wairarapa,Decibel Wines,-39.638646,176.69665
Wairarapa,Dry River Wines,-41.2179893,175.4703624
Wairarapa,Escarpment,-41.258566,175.485683
Wairarapa,Gladstone Vineyard,-41.06209,175.606595
Wairarapa,Grava,-41.2128,175.453873
Wairarapa,Harvest Estate,-41.2112207,175.4668215
Wairarapa,Haythornthwaite Wines,-41.212502,175.474515
Wairarapa,Johner Estate,-41.057968,175.624626
Wairarapa,Julicher Estate,-41.2630859,175.4869364
Wairarapa,Lime Gully,-41.217367,175.5710292
Wairarapa,Loopline Vineyard,-40.893146,175.655355
Wairarapa,Luna Estate,-41.2175992,175.4840455
Wairarapa,Lynfer Estate,-41.04518,175.64495
Wairarapa,Ma Maison Wines Ltd.,-41.2190932,175.4600651
Wairarapa,Margrain Vineyard,-41.21031,175.464804
Wairarapa,Martinborough Vineyard.,-41.5170672,173.7986983
Wairarapa,Matahiwi Estate,-40.948949,175.660764
Wairarapa,Muirlea Rise,-41.212143,175.46105
Wairarapa,Nga Waka,-41.21014,175.45578
Other Region,Ohau Wines,-40.665986,175.249395
Wairarapa,Palliser Estate Wines of Martinborough Ltd,-41.214878,175.455909
Wairarapa,Paper Road,-40.8905157,175.6617432
Wairarapa,Pencarrow,-41.214878,175.455909
Wairarapa,Pohangina Valley Estate,-40.287989,175.755885
Wairarapa,Porters,-41.2136733,175.4544744
Wairarapa,Schubert Wines,-41.213433,175.467054
Wairarapa,Southdown Estate,-41.25589,175.4304
Wairarapa,StoneCutter,-41.221617,175.477539
Wairarapa,Te Kairanga,-41.224682,175.492237
Wairarapa,The Elder Pinot,-41.297759,175.474931
Wairarapa,The Tablelands Wine Company,-39.641548,176.8448366
Wairarapa,Tirohana Estate,-41.215662,175.471451
Wairarapa,Urlar,-41.0384171,175.6413294
Wairarapa,Voss Estate Vineyard,-41.2190932,175.4600651
Wairarapa,Vynfields,-41.214018,175.473267
Wairarapa,Wycroft,-40.9161721,175.6256576
Nelson,Anchorage Family Estate,-41.0903671,172.9730605
Nelson,Aronui Wines,-41.57269,173.4216613
Nelson,Blackenbrook Vineyard,-41.184944,173.052721
Nelson,BRIGHTSIDE,-41.3603241,173.1015075
Nelson,Brightwater Gravels,-41.3688365,173.1035683
Nelson,BRIGHTWATER VINEYARDS,-41.368228,173.131322
Nelson,Falcon Ridge Estate,-41.391597,173.087954
Nelson,Harakeke Farm,-41.26963,173.006148
Nelson,Himmelsfeld Vineyard,-41.240746,173.01351
Nelson,Kahurangi Estate,-41.27764,173.01194
Nelson,Kaimira Estate,-41.359411,173.103106
Nelson,Kina Beach Vineyard,-41.1847898,173.0584771
Nelson,Kina Cliffs,-41.185808,173.062788
Nelson,Mahana Estates,-41.264891,173.044358
Nelson,MIDDLE-EARTH™ Wines,-41.3688365,173.1035683
Nelson,Milcrest Estate,-41.379884,173.140668
Nelson,Moutere Hills Vineyard,-41.2874556,173.0061483
Nelson,Neudorf Vineyards,-41.24857,172.991814
Nelson,Orinoco Vineyards,-41.253974,172.938308
Nelson,Renato Estate,-41.1830636,173.0595117
Nelson,Richmond Plains,-41.332927,173.16112
Nelson,Rimu Grove,-41.269351,173.076579
Nelson,Riwaka River Estate,-41.062662,172.978007
Nelson,Ruby Bay Vineyard,-41.23157,173.06711
Nelson,Sea Level,-41.1240452,173.0009842
Nelson,Seifried Estate,-41.300832,173.116218
Nelson,SPENCER HILL ESTATE,-41.2453432,173.0160824
Nelson,Te Mania,-41.332927,173.16112
Nelson,Vista,-41.1941622,173.0595387
Nelson,Waimea Estates,-41.3441953,173.1661782
Marlborough,3 Stones,-41.6343078,173.3254961
Marlborough,Allan Scott Family Winemakers,-41.4911,173.875866
Marlborough,Ara Wines,-41.51,174.01
Marlborough,Astrolabe Wines,-41.474724,173.891186
Marlborough,Auntsfield Estate,-41.554682,173.881221
Marlborough,Awatere River Wine Company,-41.6167105,174.1010957
Auckland,Babich Wines,-36.87886,174.603307
Marlborough,Ballochdale Estate,-41.7535586,173.8967822
Marlborough,Barker's Marque Wine,-41.6733652,174.1397426
Canterbury,Bascand Estate,-41.473233,173.893661
Marlborough,Black Cottage,-41.488551,173.9438369
Marlborough,Bladen Wines,-41.4987002,173.8092554
Marlborough,Blank Canvas Wines,-41.5146606,173.9535383
Marlborough,Blind River Estate,-41.6465552,174.0681083
Marlborough,Bouldevines,-41.5134425,173.9612498
Marlborough,Boundary Rider Wines,-41.799706,174.111378
Marlborough,Brancott Estate Cellar Door and Restaurant,-41.541985,173.851839
Auckland,Cable Bay Vineyards,-36.787698,175.00038
Marlborough,Catalina Sounds,-41.6192107,173.7042399
Marlborough,Caythorpe,-41.510442,173.905495
Marlborough,Churton,-41.748358,173.410134
Marlborough,Cirro Wines,-41.277986,173.537643
Marlborough,Clark Estate,-41.501402,173.9598255
Marlborough,Clifford Bay,-41.6249806,174.1129632
Marlborough,Clos Henri Vineyard,-41.516912,173.762909
Marlborough,Clos Marguerite,-41.62003,174.13673
Marlborough,Cloud No.9 Estate Limited,-41.5566308,173.8545263
Marlborough,Cloudy Bay Vineyards,-41.492102,173.877409
Marlborough,Constellation Brands,-41.484583,173.908047
Marlborough,Coopers Creek Vineyard,-36.768652,174.524043
Wairarapa,Craggy Range,-39.69286,176.923052
Marlborough,Crighton Estate,-41.56329,173.533539
Marlborough,Dashwood,-41.91803,173.535423
Marlborough,Delegat,-41.5118457,173.7655615
Marlborough,Dog Point Vineyards,-41.5295575,173.8438612
Marlborough,Drylands Wines,-41.484583,173.908047
Marlborough,Eradus Wines,-41.5134425,173.9612498
Marlborough,Esk Valley Estate,-39.410955,176.870693
Marlborough,Fairbourne Estate Ltd,-41.53304,173.86978
Marlborough,Fairhall Downs,-41.567038,173.84686
Marlborough,Forrest Wines,-41.498306,173.821021
Marlborough,Four Hawk Day Wines,-41.5835059,173.7631736
Marlborough,Foxes Island,-36.859154,174.746898
Marlborough,Framingham Wines,-41.495089,173.811823
Marlborough,FROMM WINERY,-41.5202495,173.84284
Marlborough,Georges Michel Wine Estate,-41.489645,173.835649
Marlborough,Giesen Wines,-41.486492,173.819928
Marlborough,Glazebrook,-39.631215,176.743907
Marlborough,Goldwater,-41.91803,173.535423
Marlborough,Greywacke,-41.5151632,173.8412927
Marlborough,Grove Mill Winery,-41.5170672,173.7986983
Marlborough,Haha Wine,-39.6679567,176.8789217
Marlborough,Hans Herzog Estate,-41.47559,173.841949
Wairarapa,Harvest Estate,-41.2112207,175.4668215
Marlborough,Hawksdrift Wine,-41.5163259,173.9996504
Marlborough,Highfield,-41.528509,173.837382
Marlborough,Hillersden,-41.598226,173.438433
Marlborough,Huia Vineyards,-41.48294,173.828521
Marlborough,Hunter's Wines,-41.474863,173.887366
Central Otago,Invivo Wines,-45.082606,169.165447
Marlborough,Isabel Vineyard,-41.5215618,173.8139173
Marlborough,Jackson Estate,-41.507521,173.877951
Marlborough,Johanneshof Cellars,-41.359096,173.954579
Marlborough,Jules Taylor Wines,-41.486772,173.958544
Marlborough,Kerner Estate Wines,-41.5134425,173.9612498
Marlborough,Kim Crawford,-41.51629,173.983898
Marlborough,Konrad,-41.56745,173.75569
"Lake Chalice Wines
",Lake Chalice Wines,-41.53329,174.01248
Marlborough,Lawson's Dry Hills Winery,-41.528476,173.971
Canterbury,Lismore Wines NZ Ltd,-44.7039374,169.1188698
Marlborough,Little Black Stone,-41.5667182,173.7693354
Marlborough,Mahi,-41.507674,173.817817
Canterbury,Main Divide Wines,-43.092636,172.770067
Marlborough,Map Maker Wines,-41.478802,173.843596
Marlborough,Marisco Vineyards,-41.5389554,173.7450065
Marlborough,Marlborough Single Vineyards Ltd.,-41.48121,173.93437
Auckland,Matakana Estate,-36.3224811,174.6987256
Marlborough,Matua Wines,-41.4812059,173.8731041
Marlborough,Maven Wines,-41.4509228,173.9417887
Marlborough,McNaught & Walker,-41.7642387,173.8506108
Central Otago,Misty Cove Wine Group Limited,-41.532951,173.958351
Marlborough,Moana Park Estate Winery,-39.518089,176.802971
Marlborough,Mohua Wines,-45.0393379,169.0400592
Marlborough,MOMO Wines,-41.508223,173.796638
Marlborough,Monkey Bay,-41.3942551,174.0458047
Marlborough,Morton Estate,-36.96342,174.89564
Marlborough,Mount Fishtail,-41.5080803,173.8266791
Marlborough,Mount Riley Wines,-41.526988,174.004047
Canterbury,Mud House,-41.5324627,174.0093339
Marlborough,Nautilus Estate of Marlborough,-41.4867,173.81854
Marlborough,No1 Family Estate,-41.4837213,173.8365266
Marlborough,Nobilo,-41.484583,173.908047
Marlborough,O'Dwyers Creek Vineyard,-41.4744728,173.9315378
Marlborough,Omaka Springs Estates,-41.545981,173.820113
Marlborough,Opawa Wines,-41.4867029,173.8185392
Marlborough,OTU Wines,-41.6829796,174.0862427
Marlborough,Pania of New Zealand,-41.5148508,173.9551193
Marlborough,Pear Tree Wines,-41.5667182,173.7693354
Marlborough,Rapaura Springs,-41.454844,173.9658471
Marlborough,Riverby Estate,-41.4865417,173.8777703
Central Otago,Rock Ferry Wines,-41.492499,173.915489
Auckland,Rongopai Wines,36.879355,174.600414
Marlborough,Sacred Hill,-39.4814793,176.6954389
Marlborough,Saint Clair Family Estate,-41.463657,173.925152
Marlborough,Selaks,-39.6479882,176.6783064
Marlborough,Seresin Estate,-41.506721,173.795918
Marlborough,Sileni Estates,-39.647656,176.716612
Marlborough,Small and Small,-41.512993,173.9291546
Marlborough,Soderberg Wines Ltd,-41.5358013,173.9795694
Auckland,SOHO WINES,-36.840958,174.7435552
Marlborough,Spinning Top,-41.4817324,173.8526744
Marlborough,Splendiferous,-41.5134425,173.9612498
Marlborough,Sprig,-41.5134425,173.9612498
Marlborough,Spring Creek Estate,-41.4741205,173.8935392
Marlborough,Spy Valley Wines,-41.529801,173.796072
Marlborough,Staete Landt Vineyard,-41.478802,173.843596
Marlborough,Stanley Estates Ltd,-41.6331398,174.0951217
Central Otago,Tarras Vineyards,-44.93342,169.33575
Marlborough,Te Pa Wines,-41.483582,174.014654
Marlborough,Te Whare Ra (TWR),-41.511196,173.81617
Marlborough,Ten Sisters,-41.5453537,173.8853191
Marlborough,TerraVin,-41.5094591,173.9707182
Marlborough,The Crossings,-41.57269,173.4216613
Wairarapa,The Tablelands Wine Company,-39.641548,176.8448366
Hawke's Bay,The Wine Portfolio,-37.6080926,175.9413315
Marlborough,Tiki Wine & Vineyards,-43.55901,172.7028763
Marlborough,Tinpot Hut,-41.68102,174.13098
Gisborne,Tohu Wines,-41.57269,173.4216613
Canterbury,Toi Toi,-41.5731237,173.8087705
Marlborough,Totara Wines,-41.5149955,173.9540368
Marlborough,Tua Marina Vineyards,-41.461123,173.8435829
Marlborough,Tupari,-41.7231173,173.9125913
Marlborough,Twin Islands Wine,-41.4867029,173.8185392
Marlborough,Two Rivers,-41.5052781,173.9598285
Marlborough,Two Tracks,-41.530405,173.917124
Marlborough,Vavasour,-41.91803,173.535423
Marlborough,Vicarage Lane Wines,-41.4915599,173.9100572
Auckland,Villa Maria,-36.979485,174.767151
Canterbury,Waipara Hills,-43.078587,172.748922
Marlborough,Wairau River Wines,-41.485714,173.817747
Marlborough,Walnut Block Wines,-41.4959355,173.9202806
Marlborough,Waterfalls Road Wine,-41.720702,174.034221
Marlborough,Whitehaven Wines,-41.483393,173.839617
Marlborough,Wither Hills,-41.531267,173.91749
Marlborough,Yealands Family Wines,-41.649862,174.130768
Marlborough,zephyr,-41.5215387,174.0006742
Canterbury,Akaroa Winery,-43.7913171,172.9769163
Canterbury,Antills,-43.01928,172.7075013
Canterbury,Bascand Estate,-41.473233,173.893661
Canterbury,Bell Hill,-42.9729506,172.6647601
Canterbury,Bellbird Spring,-43.0321044,172.7468116
Canterbury,Bishops Head,-43.046265,172.7527578
Canterbury,Black Estate,-43.034013,172.809456
Canterbury,Blackhouse Wines,-43.3126204,172.4544788
Canterbury,Braided River,-43.511524,172.4216787
Canterbury,Clos St William Wines,-43.04566,172.7253
Canterbury,Cracroft Chase Vineyard,-43.586138,172.629697
Canterbury,Dancing Water,-43.040915,172.791626
Canterbury,Dunnolly Estate Wines,-43.045676,172.7794699
Canterbury,Fancrest Estate,-43.0360129,172.8187943
Canterbury,French Peak Wines,-43.778533,172.899795
Canterbury,Georges Road,-43.0706434,172.686367
Canterbury,Greystone Wines,-43.045914,172.787377
Canterbury,House of Ball,-43.0233965,172.7529331
Canterbury,Lismore Wines NZ Ltd,-44.7039374,169.1188698
Canterbury,Lumique Wines,-43.6613666,172.5480536
Canterbury,Main Divide Wines,-43.092636,172.770067
Canterbury,Marble Point,-42.620162,172.7639
Canterbury,Melton Estate,-43.539977,172.385058
Canterbury,Mount Brown Estates,-43.0978124,172.7345703
Canterbury,Mountford Estate,-43.038733,172.793619
Canterbury,Mt. Beautiful Winery,-42.814345,173.273375
Canterbury,Mud House,-41.5324627,174.0093339
Canterbury,Muddy Water Wines,-43.044774,172.788159
Canterbury,Opihi Vineyard Ltd,-44.2055209,171.0355097
Canterbury,Pegasus Bay Wine,-43.092915,172.768586
Canterbury,Point Bush Estates,-44.735843,171.012191
Canterbury,Pyramid Valley Vineyards,-42.964469,172.611315
Canterbury,Q WINE,-44.8117058,170.5165667
Canterbury,Red Leaf Winery Limited,-43.6679182,172.3766255
Canterbury,Sherwood Estate Wines,-43.0451651,172.7763954
Canterbury,Silver Wing Wines,-43.0402303,172.7433911
Canterbury,Takamatua Valley Vineyards,-43.7913171,172.9769163
Canterbury,Terrace Edge,-43.076054,172.704131
Canterbury,The Crater Rim,-43.05551,172.76377
Canterbury,Thousand Voices,-43.07437,172.7010176
Canterbury,Toi Toi,-41.5731237,173.8087705
Canterbury,Tongue in Groove Wines,-43.108869,172.6874429
Canterbury,Torlesse Wines Limited,-43.053633,172.763085
Canterbury,Waipara Hills,-43.078587,172.748922
Canterbury,Waipara River Estate,-43.054081,172.7579041
Canterbury,Waipara Springs,-43.042367,172.789941
Canterbury,Waipara West,-43.072304,172.652432
Canterbury,Weka River Wines,-43.0482032,172.7517132
Canterbury,Whistling Buoy,-43.6653713,172.6755207
Otago,Ostler,-44.7334048,170.4699863
Otago,Pasquale,-44.7645795,170.5016532
Otago,River-T Estate Wines,-44.7654621,170.5000647
Otago,Valli Vineyards,-45.0311114,168.9736426
Otago,8 Ranges Wines,-45.2183768,169.3767673
Otago,Akarua,-45.085201,169.181045
Otago,akitu,-44.7255363,169.1752187
Otago,Alexandra Wine Company,-45.2137906,169.3512085
Otago,Amisfield,-44.987106,168.815592
Otago,Archangel,-44.7832813,169.3265832
Otago,Ata Mara,-44.922,169.2776
Otago,Auburn Wines,-45.0628327,169.2135644
Otago,Aurum Wines,-45.024339,169.202898
Otago,BALD HILLS,-45.071762,169.1918318
Otago,Bannock Brae,-45.083915,169.180913
Otago,Barrel Fence Cellars,-45.0297486,168.9737213
Otago,Barrington Wines,-45.2007304,169.3349001
Otago,Birdlands Wine Company,-45.1029766,170.9705806
Otago,Black Quail Estate,-45.0893039,169.1611427
Otago,Black Ridge Vineyard,-45.256756,169.334875
Otago,Brennan Wines,-45.037783,168.978664
Otago,Burn Cottage Vineyard,-45.02481,169.19575
Otago,Cable Bay Vineyards,-36.787698,175.00038
Otago,CARRICK,-45.080619,169.179808
Otago,Chard Farm,-45.011831,168.880582
Otago,CHARTERIS WINES,-45.075988,169.1454239
Otago,Coal Pit Wine,-45.031299,168.950179
Otago,Constellation Brands,-41.484583,173.908047
Otago,Coopers Creek Vineyard,-36.768652,174.524043
Otago,DOMAIN ROAD VINEYARD,-45.075993,169.136328
Otago,Domaine Rewa,-44.96832,169.23858
Otago,Domaine Thomson Wines,-44.9740825,169.2326529
Otago,Drumsara Pinot,-45.2186783,169.3809303
Otago,Ellero,-44.9274167,169.2706811
Otago,Explorer Central Otago Pinot Noir,-44.9740825,169.2326529
Otago,FELTON ROAD,-45.073881,169.130217
Otago,Folding Hill,-44.9168776,169.3414998
Otago,Gate 20 Two,-45.0785817,169.1475227
Otago,Georgetown Vineyard,-45.057681,169.135707
Otago,Gibbston Highgate Estate,-45.038236,168.97535
Otago,Gibbston Valley Wines,-45.011699,168.915051
Otago,Grasshopper Rock,-45.253154,169.360117
Otago,Grey Ridge Vineyard,-45.217661,169.399863
Otago,Hawkdun Rise Vineyard Accommodation,-45.220698,169.394728
Otago,Hawkshead Vineyard,-45.0300507,168.9717381
Otago,Hilok,-45.2572099,169.3944138
Otago,Huntaway Reserve,-36.96342,174.89564
Otago,Immigrant's Vineyard,-45.2223046,169.3641025
Otago,Invivo Wines,-45.082606,169.165447
Otago,Judge Rock Pinot Wines,-45.231908,169.386646
Otago,Kalex Wines,-45.044046,168.96634
Otago,Kim Crawford,-41.51629,173.983898
Otago,Kurow Village,-44.7645795,170.5016532
Otago,Lamont Wines,-44.9077571,169.3395651
Otago,Leaning Rock Vineyard,-45.22213,"169.38635 	"
Otago,Lismore Wines NZ Ltd,-44.7039374,169.1188698
Otago,Lochar Estate,-44.913201,169.278027
Otago,Locharburn Estate and Wines,-44.89592,169.290583
Otago,Lone Hill Vineyard,-44.79362,170.50109
Otago,Lowburn Ferry,-44.9896338,169.1978477
Otago,Maori Point Vineyard,-44.837755,169.356472
Otago,MAUDE WINES,-44.701834,169.14207
Otago,MISHA'S VINEYARD,-45.036506,169.21354
Otago,Misty Cove Wine Group Limited,-41.532951,173.958351
Otago,Moana Park Estate Winery,-39.518089,176.802971
Otago,Mondillo,-44.92434,169.34635
Otago,Mount Edward,-45.0259487,168.9563633
Otago,Mount Michael Wines,-45.029906,169.1866824
Otago,Mt Difficulty Wines,-45.082136,169.154761
Otago,"Mt Rosa, Central Otago",-45.039014,168.97817
Otago,Mud House,-41.5324627,174.0093339
Otago,Nevis Bluff Wines,-44.948549,169.266838
Otago,Northburn Station,-45.00611,169.23958
Otago,Pasquale,-44.764899,170.501331
Otago,Peregrine Wines,-45.020597,168.951371
Otago,Perseverance Estate Limited,-45.214462,169.34918
Otago,PISA RANGE ESTATE,-44.961871,169.2442491
Otago,Prophet's Rock,-44.94158,169.317874
Otago,Quartz Reef,-45.051153,169.182067
Otago,Quest Farm,-44.564798,169.133362
Otago,Rippon,-44.697077,169.098869
Otago,Rock Ferry Wines,-41.492499,173.915489
Otago,Rockburn Wines Ltd,-45.049246,169.184439
Otago,Rocky Point,-44.9077571,169.3395651
Otago,Schist Hills,-45.196045,169.38313
Otago,Shaky Bridge Wines,-45.255067,169.399262
Otago,SOHO WINES,-36.840958,174.7435552
Otago,Tarras Vineyards,-44.93342,169.33575
Otago,Terra Sancta,-45.071543,169.131608
Otago,Three Miners Vineyard,-45.227343,169.34373
Otago,Three Peakes Wine,-44.9859248,169.1885399
Otago,Toi Toi,-41.5731237,173.8087705
Otago,TOSQ Wines Ltd,-44.962,169.23546
Otago,Two Degrees Vineyard,-44.6683423,169.1240268
Otago,Two Paddocks,-45.211016,169.307337
Otago,Valli Vineyards,-45.0312479,168.973825
Otago,Vela Wines,-44.6952343,169.1380369
Otago,Waipara Hills,-43.078587,172.748922
Otago,Waitiri Creek,-45.028046,168.974934
Otago,Weaver Estate Wines,-45.221484,169.348481
Otago,Wild Earth Wines,-45.039229,169.122634
Otago,Wooing Tree,-45.032307,169.20045
